{
    "pid": 1124,
    "last_eye_time": 1784686852.2582073,
    "last_exercise_time": 1784686852.2582078
}