{
    "pid": 1113,
    "last_eye_time": 1784859783.8582983,
    "last_exercise_time": 1784859783.858299
}