{
    "pid": 1075,
    "last_eye_time": 1783996192.6693342,
    "last_exercise_time": 1783994992.4529717
}