{
    "pid": 1121,
    "last_eye_time": 1782518415.659388,
    "last_exercise_time": 1782518415.6593888
}