{
    "pid": 1106,
    "last_eye_time": 1784599856.7494612,
    "last_exercise_time": 1784598056.5462446
}