{
    "pid": 1366,
    "last_eye_time": 1783840373.0170496,
    "last_exercise_time": 1783839172.9281113
}