{
    "pid": 1139,
    "last_eye_time": 1784167917.2043886,
    "last_exercise_time": 1784168517.3169644
}