{
    "pid": 1121,
    "last_eye_time": 1784265371.8928168,
    "last_exercise_time": 1784265371.8928168
}