{
    "pid": 78352,
    "last_eye_time": 1783652652.0169983,
    "last_exercise_time": 1783652652.016999
}