{
    "pid": 1323,
    "last_eye_time": 1783736691.477754,
    "last_exercise_time": 1783735491.4039586
}