{
    "pid": 1101,
    "last_eye_time": 1784340756.872886,
    "last_exercise_time": 1784340756.8728864
}