{
    "pid": 1076,
    "last_eye_time": 1784427630.5191057,
    "last_exercise_time": 1784428230.61988
}